{"cameraMode":{"drawMode":0,"name":"Shaded","section":"Shading Mode"},"sceneLighting":false,"audioPlay":false,"sceneViewState":{"showFog":true,"showMaterialUpdate":false,"showSkybox":false,"showFlares":true,"showImageEffects":true,"showParticleSystems":true},"in2DMode":false,"pivot":{"x":2827.308837890625,"y":13528.5625,"z":320.42999267578127},"rotation":{"x":0.192326620221138,"y":-0.49634066224098208,"z":0.11381825804710388,"w":0.8388916254043579},"size":0.4496277868747711,"orthographic":true}