{"cameraMode":{"drawMode":0,"name":"Shaded","section":"Shading Mode"},"sceneLighting":true,"audioPlay":false,"sceneViewState":{"showFog":true,"showMaterialUpdate":false,"showSkybox":true,"showFlares":true,"showImageEffects":true,"showParticleSystems":true},"in2DMode":false,"pivot":{"x":3263.29345703125,"y":13525.7822265625,"z":640.2158813476563},"rotation":{"x":0.21528518199920655,"y":-0.06673420965671539,"z":0.01474818866699934,"w":0.9741586446762085},"size":0.6157734394073486,"orthographic":true}